"","ENTREZID","ENSEMBL","SYMBOL","annotation"
"1","339005",NA,"WHAMMP3","pp"
"2","81614","ENSG00000140157","NIPA2","pp"
"3","100616275","ENSG00000265673","MIR4508","pp"
"4","7681","ENSG00000179455","MKRN3","pp"
"5","105370731",NA,"PWRN4","pp"
"6","124903447",NA,"LOC124903447","pp"
"7","104472715",NA,"SNHG14","pp"
"8","6638","ENSG00000128739","SNRPN","pp"
"9","8926","ENSG00000273173","SNURF","pp"
"10","100033413","ENSG00000207063","SNORD116-1","pp"
"11","100033414","ENSG00000207001","SNORD116-2","pp"
"12","100033415","ENSG00000207014","SNORD116-3","pp"
"13","100033416","ENSG00000275529","SNORD116-4","pp"
"14","100033417","ENSG00000207191","SNORD116-5","pp"
"15","100033418","ENSG00000207442","SNORD116-6","pp"
"16","100033419","ENSG00000207133","SNORD116-7","pp"
"17","100033420","ENSG00000207093","SNORD116-8","pp"
"18","100033421","ENSG00000206727","SNORD116-9","pp"
"19","100033422","ENSG00000200661","SNORD116-10","pp"
"20","100033423","ENSG00000206609","SNORD116-11","pp"
"21","100033424","ENSG00000207197","SNORD116-12","pp"
"22","100033425","ENSG00000207137","SNORD116-13","pp"
"23","100033426","ENSG00000206621","SNORD116-14","pp"
"24","100033427","ENSG00000207174","SNORD116-15","pp"
"25","100033428","ENSG00000207263","SNORD116-16","pp"
"26","100033429","ENSG00000206656","SNORD116-17","pp"
"27","100033430","ENSG00000206688","SNORD116-18","pp"
"28","100033431","ENSG00000278715","SNORD116-20","pp"
"29","128966705",NA,"LOC128966705","pp"
"30","3653",NA,"IPW","pp"
"31","727708","ENSG00000207460","SNORD116-19","pp"
"32","7337","ENSG00000114062","UBE3A","pp"
"33","57194","ENSG00000206190","ATP10A","pp"
"34","105370738",NA,"ATP10A-DT","pp"
"35","2567","ENSG00000182256","GABRG3","pp"
"36","342184","ENSG00000248905","FMN1","pp"
"37","101928134","ENSG00000259446","RYR3-DT","pp"
"38","6263","ENSG00000198838","RYR3","pp"
"39","57099","ENSG00000169857","AVEN","pp"
"40","161779","ENSG00000182405","PGBD4","pp"
"41","56851","ENSG00000134153","EMC7","pp"
"42","79768","ENSG00000134152","KATNBL1","pp"
"43","51234","ENSG00000128463","EMC4","pp"
"44","9990","ENSG00000140199","SLC12A6","pp"
"45","440270","ENSG00000215252","GOLGA8B","pp"
"46","101928174","ENSG00000250007","GJD2-DT","pp"
"47","57369","ENSG00000159248","GJD2","pp"
"48","70","ENSG00000159251","ACTC1","pp"
"49","9716","ENSG00000021776","AQR","pp"
"50","54989","ENSG00000198146","ZNF770","pp"
"51","100507466",NA,"DPH6-DT","pp"
"52","89978","ENSG00000134146","DPH6","pp"
"53","84529","ENSG00000186073","CDIN1","pp"
"54","145845",NA,"LOC145845","pp"
"55","124903465",NA,"LOC124903465","pp"
"56","4212","ENSG00000134138","MEIS2","pp"
"57","107984773","ENSG00000236914","LINC01852","pp"
"58","161742","ENSG00000166068","SPRED1","pp"
"59","283742","ENSG00000171262","FAM98B","pp"
"60","10125","ENSG00000172575","RASGRP1","pp"
"61","105370775","ENSG00000175779","LOC105370775","pp"
"62","105370777",NA,"LOC105370777","pp"
"63","7057","ENSG00000137801","THBS1","pp"
"64","105370941","ENSG00000261136","LOC105370941","pp"
"65","161835","ENSG00000150667","FSIP1","pp"
"66","100505534","ENSG00000246863","GPR176-DT","pp"
"67","11245","ENSG00000166073","GPR176","pp"
"68","440275","ENSG00000128829","EIF2AK4","pp"
"69","100131089","ENSG00000248508","SRP14-DT","pp"
"70","6727","ENSG00000140319","SRP14","pp"
"71","105370787",NA,"LOC105370787","pp"
"72","90427","ENSG00000104081","BMF","pp"
"73","701","ENSG00000156970","BUB1B","pp"
"74","56924","ENSG00000137843","PAK6","pp"
"75","644809","ENSG00000176753","PAK6-AS1","pp"
"76","100131244","ENSG00000230778","ANKRD63","pp"
"77","5330","ENSG00000137841","PLCB2","pp"
"78","100505573","ENSG00000259330","INAFM2","pp"
"79","388115","ENSG00000188549","CCDC9B","pp"
"80","85455","ENSG00000140323","DISP2","pp"
"81","90417","ENSG00000128944","KNSTRN","pp"
"82","3712","ENSG00000128928","IVD","pp"
"83","22893","ENSG00000140320","BAHD1","pp"
"84","113189","ENSG00000169105","CHST14","pp"
"85","90416","ENSG00000128891","CCDC32","pp"
"86","27079","ENSG00000166133","RPUSD2","pp"
"87","57082","ENSG00000137812","KNL1","pp"
"88","100505648","ENSG00000245849","RAD51-AS1","pp"
"89","5888","ENSG00000051180","RAD51","pp"
"90","55177","ENSG00000137824","RMDN3","pp"
"91","2644","ENSG00000137880","GCHFR","pp"
"92","55192","ENSG00000104129","DNAJC17","pp"
"93","643338","ENSG00000188277","C15orf62","pp"
"94","84936","ENSG00000166140","ZFYVE19","pp"
"95","102724362","ENSG00000261183","SPINT1-AS1","pp"
"96","6692","ENSG00000166145","SPINT1","pp"
"97","171177","ENSG00000104140","RHOV","pp"
"98","57617","ENSG00000104142","VPS18","pp"
"99","105370943",NA,"LOC105370943","pp"
"100","54567","ENSG00000128917","DLL4","pp"
"101","79094","ENSG00000128965","CHAC1","pp"
"102","54617","ENSG00000128908","INO80","pp"
"103","11261","ENSG00000187446","CHP1","pp"
"104","161829","ENSG00000178997","EXD1","pp"
"105","51203","ENSG00000137804","NUSAP1","pp"
"106","729082","ENSG00000247556","OIP5-AS1","pp"
"107","11339","ENSG00000104147","OIP5","pp"
"108","51103","ENSG00000137806","NDUFAF1","pp"
"109","23168","ENSG00000137815","RTF1","pp"
"110","3706","ENSG00000137825","ITPKA","pp"
"111","4058","ENSG00000062524","LTK","pp"
"112","26015","ENSG00000103932","RPAP1","pp"
"113","7301","ENSG00000092445","TYRO3","pp"
"114","105370791","ENSG00000260926","LOC105370791","pp"
"115","23269","ENSG00000174197","MGA","pp"
"116","23005","ENSG00000137802","MAPKBP1","pp"
"117","100137047","ENSG00000243789","JMJD7","pp"
"118","8681","ENSG00000168970","JMJD7-PLA2G4B","pp"
"119","101928388","ENSG00000246740","PLA2G4E-AS1","pp"
"120","30844","ENSG00000103966","EHD4","pp"
"121","105370795",NA,"VPS39-DT","pp"
"122","23339","ENSG00000166887","VPS39","pp"
"123","2595","ENSG00000214013","GANC","pp"
"124","25963","ENSG00000103978","TMEM87A","pp"
"125","64397","ENSG00000103994","ZNF106","pp"
"126","8773","ENSG00000092531","SNAP23","pp"
"127","255252","ENSG00000180979","LRRC57","pp"
"128","55142","ENSG00000137814","HAUS2","pp"
"129","57519","ENSG00000159433","STARD9","pp"
"130","146059","ENSG00000140326","CDAN1","pp"
"131","146057","ENSG00000128881","TTBK2","pp"
"132","197131","ENSG00000159459","UBR1","pp"
"133","80021","ENSG00000137842","TMEM62","pp"
"134","124903478",NA,"LOC124903478","pp"
"135","23582","ENSG00000166946","CCNDBP1","pp"
"136","161823","ENSG00000168803","ADAL","pp"
"137","9836","ENSG00000168806","LCMT2","pp"
"138","146050","ENSG00000140265","ZSCAN29","pp"
"139","27229","ENSG00000137822","TUBGCP4","pp"
"140","7158","ENSG00000067369","TP53BP1","pp"
"141","4130","ENSG00000166963","MAP1A","pp"
"142","2923","ENSG00000167004","PDIA3","pp"
"143","440278","ENSG00000291053","CATSPER2P1","pp"
"144","10169","ENSG00000140264","SERF2","pp"
"145","80237","ENSG00000128886","ELL3","pp"
"146","100302254","ENSG00000221792","MIR1282","pp"
"147","100529067",NA,"SERF2-C15ORF63","pp"
"148","25764","ENSG00000242028","HYPK","pp"
"149","619189","ENSG00000184716","SERINC4","pp"
"150","4236","ENSG00000140259","MFAP1","pp"
"151","79968","ENSG00000092470","WDR76","pp"
"152","84978","ENSG00000171877","FRMD5","pp"
"153","113201","ENSG00000166734","GOLM2","pp"
"154","51496","ENSG00000137770","CTDSPL2","pp"
"155","645212","ENSG00000179523","EIF3J-DT","pp"
"156","8669","ENSG00000104131","EIF3J","pp"
"157","197135","ENSG00000229474","PATL2","pp"
"159","80208","ENSG00000104133","SPG11","pp"
"160","6652","ENSG00000140263","SORD","pp"
"161","405753","ENSG00000140274","DUOXA2","pp"
"162","50506","ENSG00000140279","DUOX2","pp"
"163","53905","ENSG00000137857","DUOX1","pp"
"164","90527","ENSG00000140254","DUOXA1","pp"
"165","90525","ENSG00000138606","SHF","pp"
"166","101928414","ENSG00000259520","SLC28A2-AS1","pp"
"167","2628","ENSG00000171766","GATM","pp"
"168","79029","ENSG00000171763","AFG2B","pp"
"169","100126311","ENSG00000284386","MIR147B","pp"
"170","84419","ENSG00000166920","C15orf48","pp"
"171","105376714",NA,"SLC30A4-AS1","pp"
"172","7782","ENSG00000104154","SLC30A4","pp"
"173","26258","ENSG00000104164","BLOC1S6","pp"
"174","58472","ENSG00000137767","SQOR","pp"
"175","80031","ENSG00000137872","SEMA6D","pp"
"176","399697","ENSG00000233932","CTXN2","pp"
"177","50804","ENSG00000104177","MYEF2","pp"
"178","6557","ENSG00000074803","SLC12A1","pp"
"179","107984755",NA,NA,"pp"
"180","1854","ENSG00000128951","DUT","pp"
"181","105370809","ENSG00000259705","FBN1-DT","pp"
"182","2200","ENSG00000166147","FBN1","pp"
"183","124903487",NA,"LOC124903487","pp"
"184","22995","ENSG00000103995","CEP152","pp"
"185","23741","ENSG00000255302","EID1","pp"
"186","399694","ENSG00000185634","SHC4","pp"
"187","9728","ENSG00000138593","SECISBP2L","pp"
"188","100306975",NA,"NDUFAF4P1","pp"
"189","2585","ENSG00000156958","GALK2","pp"
"190","9318","ENSG00000166200","COPS2","pp"
"191","100616332","ENSG00000264210","MIR4716","pp"
"192","196951","ENSG00000166262","FAM227B","pp"
"193","56986","ENSG00000104047","DTWD1","pp"
"194","79895","ENSG00000104043","ATP8B4","pp"
"195","11001","ENSG00000140284","SLC27A2","pp"
"196","100129387",NA,"GABPB1-AS1","pp"
"197","100616396","ENSG00000284284","MIR4712","pp"
"198","2553","ENSG00000104064","GABPB1","pp"
"199","55056","ENSG00000285410","GABPB1-IT1","pp"
"200","9101","ENSG00000138592","USP8","pp"
"201","128092252","ENSG00000288645","LOC128092252","pp"
"202","54822","ENSG00000092439","TRPM7","pp"
"203","84888","ENSG00000138600","SPPL2A","pp"
"204","124903490",NA,"LOC124903490","pp"
"205","23431","ENSG00000081014","AP4E1","pp"
"206","388121","ENSG00000183578","TNFAIP8L3","pp"
"207","1588","ENSG00000137869","CYP19A1","pp"
"208","342035","ENSG00000186417","GLDN","pp"
"209","23312","ENSG00000104093","DMXL2","pp"
"210","29106","ENSG00000104112","SCG3","pp"
"211","256586","ENSG00000140280","LYSMD2","pp"
"212","29767","ENSG00000128872","TMOD2","pp"
"213","29766","ENSG00000138594","TMOD3","pp"
"214","123169","ENSG00000166477","LEO1","pp"
"215","5597","ENSG00000069956","MAPK6","pp"
"216","112543478","ENSG00000259438","MAPK6-DT","pp"
"217","112268150",NA,"LOC112268150","pp"
"218","100129973",NA,"CERNA1","pp"
"219","10681","ENSG00000069966","GNB5","pp"
"220","55930","ENSG00000128833","MYO5C","pp"
"221","4644","ENSG00000197535","MYO5A","pp"
"222","10776","ENSG00000128989","ARPP19","pp"
"223","56204","ENSG00000047346","ATOSA","pp"
"224","105370821",NA,"LOC105370821","pp"
"225","101928499","ENSG00000259203","LOC101928499","pp"
"226","3175","ENSG00000169856","ONECUT1","pp"
"227","51187","ENSG00000137876","RSL24D1","pp"
"228","5873","ENSG00000069974","RAB27A","pp"
"229","101928527","ENSG00000225973","PIGBOS1","pp"
"230","9488","ENSG00000069943","PIGB","pp"
"231","145788","ENSG00000261652","PIERCE2","pp"
"232","9236","ENSG00000260916","CCPG1","pp"
"233","100533483","ENSG00000261771","DNAAF4-CCPG1","pp"
"234","161582","ENSG00000256061","DNAAF4","pp"
"235","124903497",NA,"LOC124903497","pp"
"236","26108","ENSG00000171016","PYGO1","pp"
"237","283659","ENSG00000166450","PRTG","pp"
"238","4734","ENSG00000069869","NEDD4","pp"
"239","374618","ENSG00000151575","TEX9","pp"
"240","64864","ENSG00000181827","RFX7","pp"
"241","55329","ENSG00000138587","MNS1","pp"
"242","54816","ENSG00000137871","ZNF280D","pp"
"243","105370833","ENSG00000276524","LINC03065","pp"
"244","145783","ENSG00000285331","TCF12-DT","pp"
"245","6938","ENSG00000140262","TCF12","pp"
"246","283663","ENSG00000247982","LINC00926","pp"
"247","84952","ENSG00000128849","CGNL1","pp"
"248","100820829","ENSG00000263155","MYZAP","pp"
"249","145781","ENSG00000137878","GCOM1","pp"
"250","105370834",NA,"LOC105370834","pp"
"251","81488","ENSG00000255529","POLR2M","pp"
"252","283665",NA,"ALDH1A2-AS1","pp"
"253","8854","ENSG00000128918","ALDH1A2","pp"
"254","102","ENSG00000137845","ADAM10","pp"
"255","101928725","ENSG00000245975","MINDY2-DT","pp"
"256","54629","ENSG00000128923","MINDY2","pp"
"257","79811","ENSG00000137776","SLTM","pp"
"258","54778","ENSG00000157450","RNF111","pp"
"259","9133","ENSG00000157456","CCNB2","pp"
"260","145773","ENSG00000157470","FAM81A","pp"
"261","4643","ENSG00000157483","MYO1E","pp"
"262","2958","ENSG00000140307","GTF2A2","pp"
"263","663","ENSG00000140299","BNIP2","pp"
"264","27023","ENSG00000171956","FOXB1","pp"
"265","302","ENSG00000182718","ANXA2","pp"
"266","101928784","ENSG00000245534","RORA-AS1","pp"
"267","79664","ENSG00000128915","ICE2","pp"
"268","6095","ENSG00000069667","RORA","pp"
"269","107984805",NA,"LOC107984805","pp"
"270","124903501",NA,"LOC124903501","pp"
"271","101928907",NA,"VPS13C-DT","pp"
"272","54832","ENSG00000129003","VPS13C","pp"
"273","145741","ENSG00000198535","C2CD4A","pp"
"274","388125","ENSG00000205502","C2CD4B","pp"
"275","255180",NA,"GOLGA2P11","pp"
"276","83660","ENSG00000171914","TLN2","pp"
"277","105370854",NA,"LOC105370854","pp"
"278","111064646",NA,"TPM1-AS","pp"
"279","7168","ENSG00000140416","TPM1","pp"
"280","114294","ENSG00000103642","LACTB","pp"
"281","51065","ENSG00000185088","RPS27L","pp"
"282","51762","ENSG00000166128","RAB8B","pp"
"283","83464","ENSG00000138613","APH1B","pp"
"284","771","ENSG00000074410","CA12","pp"
"285","9960","ENSG00000140455","USP3","pp"
"286","100130855","ENSG00000259248","USP3-AS1","pp"
"287","283807","ENSG00000197361","FBXL22","pp"
"288","8925","ENSG00000103657","HERC1","pp"
"289","23604","ENSG00000035664","DAPK2","pp"
"290","6642","ENSG00000028528","SNX1","pp"
"291","84191","ENSG00000166797","CIAO2A","pp"
"292","5479","ENSG00000166794","PPIB","pp"
"293","79856","ENSG00000157734","SNX22","pp"
"294","53944","ENSG00000169118","CSNK1G1","pp"
"295","9325","ENSG00000103671","TRIP4","pp"
"296","9768","ENSG00000166803","PCLAF","pp"
"297","23060","ENSG00000180357","ZNF609","pp"
"298","124903507",NA,"LOC124903507","pp"
"299","4947","ENSG00000180304","OAZ2","pp"
"300","348093","ENSG00000166831","RBPMS2","pp"
"301","80119","ENSG00000140451","PIF1","pp"
"302","80301","ENSG00000241839","PLEKHO2","pp"
"303","348094","ENSG00000166839","ANKDD1A","pp"
"304","51324","ENSG00000090487","SPG21","pp"
"305","123263","ENSG00000103707","MTFMT","pp"
"306","123264","ENSG00000186198","SLC51B","pp"
"307","51285","ENSG00000103710","RASL12","pp"
"308","10081","ENSG00000090470","PDCD7","pp"
"309","10845","ENSG00000166855","CLPX","pp"
"310","109617003","ENSG00000206903","SNORA24B","pp"
"311","54956","ENSG00000138617","PARP16","pp"
"312","26831","ENSG00000199568","RNU5A-1","pp"
"313","26832","ENSG00000200156","RNU5B-1","pp"
"314","9543","ENSG00000174498","IGDCC3","pp"
"315","57722","ENSG00000103742","IGDCC4","pp"
"316","54878","ENSG00000074603","DPP8","pp"
"317","51495","ENSG00000074696","HACD3","pp"
"318","81556","ENSG00000138614","INTS14","pp"
"319","9187","ENSG00000074621","SLC24A1","pp"
"320","10260","ENSG00000174485","DENND4A","pp"
"321","105370866",NA,"LOC105370866","pp"
"322","8766","ENSG00000103769","RAB11A","pp"
"323","115752","ENSG00000166938","DIS3L","pp"
"324","54962","ENSG00000075131","TIPIN","pp"
"325","5604","ENSG00000169032","MAP2K1","pp"
"326","100616149","ENSG00000266589","MIR4512","pp"
"327","10302","ENSG00000174446","SNAPC5","pp"
"328","55055","ENSG00000174442","ZWILCH","pp"
"329","595097","ENSG00000199673","SNORD16","pp"
"330","595098","ENSG00000200623","SNORD18A","pp"
"331","595099","ENSG00000202529","SNORD18B","pp"
"332","595100","ENSG00000199574","SNORD18C","pp"
"333","6124","ENSG00000174444","RPL4","pp"
"334","102723165","ENSG00000259471","LINC01169","pp"
"335","197021","ENSG00000188501","LCTL","pp"
"336","4091","ENSG00000137834","SMAD6","pp"
"337","102723493",NA,"SMAD3-DT","pp"
"338","4088","ENSG00000166949","SMAD3","pp"
"339","79719","ENSG00000103591","AAGAB","pp"
"340","64799","ENSG00000103599","IQCH","pp"
"341","100506686","ENSG00000259673","IQCH-AS1","pp"
"342","145853","ENSG00000189227","C15orf61","pp"
"343","5607","ENSG00000137764","MAP2K5","pp"
"344","101929076","ENSG00000245719","SKOR1-AS1","pp"
"345","26827","ENSG00000206625","RNU6-1","pp"
"346","390598","ENSG00000188779","SKOR1","pp"
"347","8554","ENSG00000033800","PIAS1","pp"
"348","54982","ENSG00000128973","CLN6","pp"
"349","91860","ENSG00000129007","CALML4","pp"
"350","10116","ENSG00000169018","FEM1B","pp"
"351","22801","ENSG00000137809","ITGA11","pp"
"352","10391","ENSG00000103647","CORO2B","pp"
"353","8125","ENSG00000140350","ANP32A","pp"
"354","246777","ENSG00000258484","SPESP1","pp"
"355","124903516",NA,"LOC124903516","pp"
"356","283673","ENSG00000212766","EWSAT1","pp"
"357","26035","ENSG00000138604","GLCE","pp"
"358","102723548","ENSG00000261634","PAQR5-DT","pp"
"359","54852","ENSG00000137819","PAQR5","pp"
"360","145694","ENSG00000259426","KIF23-AS1","pp"
"361","9493","ENSG00000137807","KIF23","pp"
"362","124903594","ENSG00000207119","LOC124903594","pp"
"363","6176","ENSG00000137818","RPLP1","pp"
"364","145837","ENSG00000245750","DRAIC","pp"
"365","104472713","ENSG00000245750","PCAT29","pp"
"366","693214","ENSG00000207965","MIR629","pp"
"367","7090","ENSG00000140332","TLE3","pp"
"368","55075","ENSG00000137831","UACA","pp"
"369","54839","ENSG00000137821","LRRC49","pp"
"370","55323","ENSG00000166173","LARP6","pp"
"371","56906","ENSG00000129028","THAP10","pp"
"372","196993","ENSG00000225362","CT62","pp"
"373","79875","ENSG00000187720","THSD4","pp"
"374","123228","ENSG00000166192","SENP8","pp"
"375","4649","ENSG00000066933","MYO9A","pp"
"376","196996","ENSG00000175318","GRAMD2A","pp"
"377","5315","ENSG00000067225","PKM","pp"
"378","56965","ENSG00000137817","PARP6","pp"
"379","60677","ENSG00000140488","CELF6","pp"
"380","3073","ENSG00000213614","HEXA","pp"
"381","80072","ENSG00000260339","HEXA-AS1","pp"
"382","105370888","ENSG00000261423","TMEM202-AS1","pp"
"383","25820","ENSG00000166233","ARIH1","pp"
"384","102723640","ENSG00000259783","LINC02259","pp"
"385","112268145",NA,"LOC112268145","pp"
"386","123346","ENSG00000175202","HIGD2B","pp"
"387","585","ENSG00000140463","BBS4","pp"
"388","100287559","ENSG00000260898","ADPGK-AS1","pp"
"389","83440","ENSG00000159322","ADPGK","pp"
"390","4756","ENSG00000067141","NEO1","pp"
"391","10021","ENSG00000138622","HCN4","pp"
"392","27020","ENSG00000156642","NPTN","pp"
"393","80381","ENSG00000103855","CD276","pp"
"394","101929221",NA,"INSYN1-AS1","pp"
"395","388135","ENSG00000205363","INSYN1","pp"
"396","100287616","ENSG00000261801","LOXL1-AS1","pp"
"397","4016","ENSG00000129038","LOXL1","pp"
"398","5371","ENSG00000140464","PML","pp"
"399","9399","ENSG00000067221","STOML1","pp"
"400","342096","ENSG00000159289","GOLGA6A","pp"
"401","57611","ENSG00000167178","ISLR2","pp"
"402","732265",NA,"COMMD4P2","pp"
"403","283731","ENSG00000248540","LOC283731","pp"
"404","124903525","ENSG00000277749","LOC124903525","pp"
"406","124903524",NA,"LOC124903524","pp"
"407","10620","ENSG00000179361","ARID3B","pp"
"408","102723750",NA,"LOC102723750","pp"
"409","1198","ENSG00000179335","CLK3","pp"
"410","80153","ENSG00000179151","EDC3","pp"
"411","1543","ENSG00000140465","CYP1A1","pp"
"412","100616183","ENSG00000264386","MIR4513","pp"
"413","1445","ENSG00000103653","CSK","pp"
"414","594855","ENSG00000213578","CPLX3","pp"
"415","79748","ENSG00000140506","LMAN1L","pp"
"416","102465531","ENSG00000275411","MIR6882","pp"
"417","25989","ENSG00000140474","ULK3","pp"
"418","10066","ENSG00000140497","SCAMP2","pp"
"419","4351","ENSG00000178802","MPI","pp"
"420","57184","ENSG00000178761","FAM219B","pp"
"421","9377","ENSG00000178741","COX5A","pp"
"422","192683","ENSG00000198794","SCAMP5","pp"
"423","54913","ENSG00000178718","RPP25","pp"
"424","60490","ENSG00000138621","PPCDC","pp"
"425","56905","ENSG00000167173","C15orf39","pp"
"426","54939","ENSG00000140365","COMMD4","pp"
"427","4123","ENSG00000140400","MAN2C1","pp"
"428","693216","ENSG00000284343","MIR631","pp"
"429","79661","ENSG00000140398","NEIL1","pp"
"430","25942","ENSG00000169375","SIN3A","pp"
"431","5780","ENSG00000169410","PTPN9","pp"
"432","10073","ENSG00000169371","SNUPN","pp"
"433","55272","ENSG00000177971","IMP3","pp"
"434","257364","ENSG00000173548","SNX33","pp"
"435","1464","ENSG00000173546","CSPG4","pp"
"436","100128285",NA,"DNM1P35","pp"
"437","101929408","ENSG00000260288","LOC101929408","pp"
"438","92912","ENSG00000140367","UBE2Q2","pp"
"439","26263","ENSG00000167196","FBXO22","pp"
"440","123591","ENSG00000169758","TMEM266","pp"
"441","145957","ENSG00000169752","NRG4","pp"
"442","101929439","ENSG00000259422","LOC101929439","pp"
"443","2108","ENSG00000140374","ETFA","pp"
"444","64843","ENSG00000159556","ISL2","pp"
"445","49855","ENSG00000140386","SCAPER","pp"
"446","5955","ENSG00000117906","RCN2","pp"
"447","10099","ENSG00000140391","TSPAN3","pp"
"448","10363","ENSG00000140382","HMG20A","pp"
"449","79834","ENSG00000173517","PEAK1","pp"
"450","84894","ENSG00000169783","LINGO1","pp"
"451","440292",NA,"COMMD4P1","pp"
"452","23102","ENSG00000167202","TBC1D2B","pp"
"453","646892","ENSG00000183476","SH2D7","pp"
"454","10518","ENSG00000136425","CIB2","pp"
"455","3419","ENSG00000166411","IDH3A","pp"
"456","80349","ENSG00000140395","SKIC8","pp"
"457","1381","ENSG00000166426","CRABP1","pp"
"458","3658","ENSG00000136381","IREB2","pp"
"459","123688","ENSG00000188266","HYKK","pp"
"460","5685","ENSG00000041357","PSMA4","pp"
"461","1138","ENSG00000169684","CHRNA5","pp"
"462","1136","ENSG00000080644","CHRNA3","pp"
"463","1143","ENSG00000117971","CHRNB4","pp"
"464","11173","ENSG00000136378","ADAMTS7","pp"
"465","646938","ENSG00000290424","LOC646938","pp"
"466","10933","ENSG00000185787","MORF4L1","pp"
"467","1512","ENSG00000103811","CTSH","pp"
"468","5923","ENSG00000058335","RASGRF1","pp"
"469","23423","ENSG00000166557","TMED3","pp"
"470","23251","ENSG00000169330","MINAR1","pp"
"471","10588","ENSG00000136371","MTHFS","pp"
"472","100528021","ENSG00000259332","ST20-MTHFS","pp"
"473","283687",NA,"ST20-AS1","pp"
"474","400410","ENSG00000180953","ST20","pp"
"475","54469","ENSG00000086666","ZFAND6","pp"
"476","2184","ENSG00000103876","FAH","pp"
"477","100996492","ENSG00000259417","CTXND1","pp"
"478","101929560","ENSG00000259495","ARNT2-DT","pp"
"479","9915","ENSG00000172379","ARNT2","pp"
"480","58489","ENSG00000136379","ABHD17C","pp"
"481","57214","ENSG00000103888","CEMIP","pp"
"482","693132","ENSG00000208003","MIR549A","pp"
"483","23184","ENSG00000117899","MESD","pp"
"484","100616181","ENSG00000265855","MIR4514","pp"
"485","128071545","ENSG00000288625","LOC128071545","pp"
"486","161502","ENSG00000156206","CFAP161","pp"
"487","59274","ENSG00000140406","TLNRD1","pp"
"488","101929655",NA,"TMC3-AS1","pp"
"489","80765","ENSG00000172345","STARD5","pp"
"490","84206","ENSG00000183496","MEX3B","pp"
"491","283726","ENSG00000188659","SAXO2","pp"
"492","79631","ENSG00000140598","EFL1","pp"
"493","283692","ENSG00000259462","CPEB1-AS1","pp"
"494","338963","ENSG00000293439","LOC338963","pp"
"495","8120","ENSG00000103723","AP3B2","pp"
"496","100505616","ENSG00000250988","SNHG21","pp"
"497","677778","ENSG00000277864","SCARNA15","pp"
"498","123720","ENSG00000156232","WHAMM","pp"
"499","123722","ENSG00000186628","FSD2","pp"
"500","9455","ENSG00000103942","HOMER2","pp"
"501","83640","ENSG00000169612","RAMAC","pp"
"502","123207","ENSG00000169609","C15orf40","pp"
"503","124903542",NA,"LOC124903542","pp"
"504","100616404","ENSG00000263643","MIR4515","pp"
"505","53339","ENSG00000064726","BTBD1","pp"
"506","53346","ENSG00000136404","TM6SF1","pp"
"507","50810","ENSG00000166503","HDGFL3","pp"
"508","440299",NA,"DNM1P41","pp"
"509","103171574","ENSG00000259774","LOC103171574","pp"
"510","23478","ENSG00000140612","SEC11A","pp"
"511","9640","ENSG00000166716","ZNF592","pp"
"512","5151","ENSG00000073417","PDE8A","pp"
"513","101929479",NA,"LOC101929479","pp"
"514","727751",NA,"LOC727751","pp"
"515","102465803","ENSG00000284160","MIR7706","pp"
"516","11214","ENSG00000170776","AKAP13","pp"
"517","100302121","ENSG00000221634","MIR1276","pp"
"518","101929679",NA,"LINC02883","pp"
"519","64410","ENSG00000183655","KLHL25","pp"
"520","283738","ENSG00000260305","NTRK3-AS1","pp"
"521","4916","ENSG00000140538","NTRK3","pp"
"522","26589","ENSG00000259494","MRPL46","pp"
"523","64963","ENSG00000181991","MRPS11","pp"
"524","55070","ENSG00000140543","DET1","pp"
"525","100302235","ENSG00000221630","MIR1179","pp"
"526","100616238","ENSG00000283484","MIR3529","pp"
"527","101929743","ENSG00000249487","LINC01586","pp"
"528","407044","ENSG00000207703","MIR7-2","pp"
"529","64782","ENSG00000181026","AEN","pp"
"530","3669","ENSG00000172183","ISG20","pp"
"531","145864","ENSG00000140511","HAPLN3","pp"
"532","4240","ENSG00000140545","MFGE8","pp"
"533","11057","ENSG00000140526","ABHD2","pp"
"534","124903573",NA,"LOC124903573","pp"
"535","6017","ENSG00000140522","RLBP1","pp"
"536","55215","ENSG00000140525","FANCI","pp"
"537","102466983","ENSG00000275101","MIR6766","pp"
"538","125316803","ENSG00000291307","POLGARF","pp"
"539","5428","ENSG00000140521","POLG","pp"
"540","254559","ENSG00000255571","MIR9-3HG","pp"
"541","407051","ENSG00000284329","MIR9-3","pp"
"542","51458","ENSG00000140519","RHCG","pp"
"543","90381","ENSG00000140534","TICRR","pp"
"544","374654","ENSG00000166813","KIF7","pp"
"545","5346","ENSG00000166819","PLIN1","pp"
"546","56964","ENSG00000140527","WDR93","pp"
"547","8800","ENSG00000166821","PEX11A","pp"
"548","55897","ENSG00000166823","MESP1","pp"
"549","290","ENSG00000166825","ANPEP","pp"
"550","10239","ENSG00000157823","AP3S2","pp"
"551","100526783","ENSG00000250021","ARPIN-AP3S2","pp"
"552","348110","ENSG00000242498","ARPIN","pp"
"553","100422841","ENSG00000265871","MIR3174","pp"
"554","374655","ENSG00000140548","ZNF710","pp"
"555","105370966",NA,"IDH2-DT","pp"
"556","3418","ENSG00000182054","IDH2","pp"
"557","10509","ENSG00000185033","SEMA4B","pp"
"558","10519","ENSG00000185043","CIB1","pp"
"559","390637","ENSG00000183208","GDPGP1","pp"
"560","440307","ENSG00000213471","TTLL13","pp"
"561","124903553",NA,"PERPP2","pp"
"562","51335","ENSG00000182768","NGRN","pp"
"563","342132","ENSG00000196391","ZNF774","pp"
"564","8826","ENSG00000140575","IQGAP1","pp"
"565","124903554",NA,"LOC124903554","pp"
"566","64784","ENSG00000140577","CRTC3","pp"
"567","101926895","ENSG00000259736","CRTC3-AS1","pp"
"568","641","ENSG00000197299","BLM","pp"
"569","105370969","ENSG00000259704","LOC105370969","pp"
"570","2242","ENSG00000182511","FES","pp"
"571","5045","ENSG00000140564","FURIN","pp"
"572","4122","ENSG00000196547","MAN2A2","pp"
"573","374659","ENSG00000184508","HDDC3","pp"
"574","55898","ENSG00000140553","UNC45A","pp"
"575","116435297",NA,"RCCD1-AS1","pp"
"576","91433","ENSG00000166965","RCCD1","pp"
"577","9055","ENSG00000198901","PRC1","pp"
"578","101926911","ENSG00000214432","VPS33B-DT","pp"
"579","26276","ENSG00000184056","VPS33B","pp"
"580","9899","ENSG00000185518","SV2B","pp"
"581","28232","ENSG00000176463","SLCO3A1","pp"
"582","8128","ENSG00000140557","ST8SIA2","pp"
"583","124903558",NA,"LOC124903558","pp"
"584","400451","ENSG00000185442","FAM174B","pp"
"585","100507217",NA,"CHASERR","pp"
"586","100422995","ENSG00000284324","MIR3175","pp"
"587","1106","ENSG00000173575","CHD2","pp"
"588","56963","ENSG00000182175","RGMA","pp"
"589","101927025",NA,"LOC101927025","pp"
"590","107983974",NA,"LOC107983974","pp"
"591","124900612",NA,"LOC124900612","pp"
"592","105369203",NA,"LOC105369203","pp"
"593","100302258","ENSG00000283888","MIR1469","pp"
"594","644192","ENSG00000247809","NR2F2-AS1","pp"
"595","7026","ENSG00000185551","NR2F2","pp"
"596","107984764","ENSG00000259485","LINC02253","pp"
"597","91947","ENSG00000140450","ARRDC4","pp"
"598","105371011",NA,"LINC02351","pp"
"599","104472848",NA,"IRAIN","pp"
"600","3480","ENSG00000140443","IGF1R","pp"
"601","104564224",NA,"LUNAR1","pp"
"602","105371016",NA,"SYNM-AS1","pp"
"603","23336","ENSG00000182253","SYNM","pp"
"604","123355","ENSG00000168904","LRRC28","pp"
"605","64927","ENSG00000103852","TTC23","pp"
"606","4205","ENSG00000068305","MEF2A","pp"
"607","145748","ENSG00000183060","LYSMD4","pp"
"608","196968","ENSG00000290767","DNM1P46","pp"
"609","400464",NA,"LOC400464","pp"
"610","170691","ENSG00000140470","ADAMTS17","pp"
"611","388182","ENSG00000189419","SPATA41","pp"
"612","102723320",NA,"CERS3-AS1","pp"
"613","140460","ENSG00000183475","ASB7","pp"
"614","55180","ENSG00000140471","LINS1","pp"
"615","220","ENSG00000184254","ALDH1A3","pp"
"616","105371026",NA,"LOC105371026","pp"
"617","22856","ENSG00000131873","CHSY1","pp"
"618","55829","ENSG00000131871","SELENOS","pp"
"619","6627","ENSG00000131876","SNRPA1","pp"
"620","105371027","ENSG00000259764","PCSK6-AS1","pp"
"621","5046","ENSG00000140479","PCSK6","pp"
"622","101927505","ENSG00000286733","LINC02348","pp"
"623","80213","ENSG00000184277","TM2D3","pp"
"624","123283","ENSG00000185418","TARS3","pp"
"158","339005",NA,"WHAMMP3","pe"
"2100","81614","ENSG00000140157","NIPA2","pe"
"3100","100616275","ENSG00000265673","MIR4508","pe"
"4100","7681","ENSG00000179455","MKRN3","pe"
"5100","105370731",NA,"PWRN4","pe"
"625","124903447",NA,"LOC124903447","pe"
"710","104472715",NA,"SNHG14","pe"
"810","6638","ENSG00000128739","SNRPN","pe"
"910","8926","ENSG00000273173","SNURF","pe"
"1010","100033413","ENSG00000207063","SNORD116-1","pe"
"1110","100033414","ENSG00000207001","SNORD116-2","pe"
"1210","100033415","ENSG00000207014","SNORD116-3","pe"
"1310","100033416","ENSG00000275529","SNORD116-4","pe"
"1410","100033417","ENSG00000207191","SNORD116-5","pe"
"1510","100033418","ENSG00000207442","SNORD116-6","pe"
"1610","100033419","ENSG00000207133","SNORD116-7","pe"
"1710","100033420","ENSG00000207093","SNORD116-8","pe"
"1810","100033421","ENSG00000206727","SNORD116-9","pe"
"1910","100033422","ENSG00000200661","SNORD116-10","pe"
"2010","100033423","ENSG00000206609","SNORD116-11","pe"
"2110","100033424","ENSG00000207197","SNORD116-12","pe"
"2210","100033425","ENSG00000207137","SNORD116-13","pe"
"2310","100033426","ENSG00000206621","SNORD116-14","pe"
"2410","100033427","ENSG00000207174","SNORD116-15","pe"
"2510","100033428","ENSG00000207263","SNORD116-16","pe"
"2610","100033429","ENSG00000206656","SNORD116-17","pe"
"2710","100033430","ENSG00000206688","SNORD116-18","pe"
"2810","100033431","ENSG00000278715","SNORD116-20","pe"
"2910","128966705",NA,"LOC128966705","pe"
"3010","3653",NA,"IPW","pe"
"3110","727708","ENSG00000207460","SNORD116-19","pe"
"3210","7337","ENSG00000114062","UBE3A","pe"
"3310","57194","ENSG00000206190","ATP10A","pe"
"3410","105370738",NA,"ATP10A-DT","pe"
"3510","2567","ENSG00000182256","GABRG3","pe"
"3610","342184","ENSG00000248905","FMN1","pe"
"3710","101928134","ENSG00000259446","RYR3-DT","pe"
"3810","6263","ENSG00000198838","RYR3","pe"
"3910","57099","ENSG00000169857","AVEN","pe"
"405","161779","ENSG00000182405","PGBD4","pe"
"4110","56851","ENSG00000134153","EMC7","pe"
"4210","79768","ENSG00000134152","KATNBL1","pe"
"4310","51234","ENSG00000128463","EMC4","pe"
"4410","9990","ENSG00000140199","SLC12A6","pe"
"4510","440270","ENSG00000215252","GOLGA8B","pe"
"4610","101928174","ENSG00000250007","GJD2-DT","pe"
"4710","57369","ENSG00000159248","GJD2","pe"
"4810","70","ENSG00000159251","ACTC1","pe"
"4910","9716","ENSG00000021776","AQR","pe"
"5010","54989","ENSG00000198146","ZNF770","pe"
"5110","100507466",NA,"DPH6-DT","pe"
"5210","89978","ENSG00000134146","DPH6","pe"
"5310","84529","ENSG00000186073","CDIN1","pe"
"5410","145845",NA,"LOC145845","pe"
"5510","124903465",NA,"LOC124903465","pe"
"5610","4212","ENSG00000134138","MEIS2","pe"
"5710","107984773","ENSG00000236914","LINC01852","pe"
"5810","161742","ENSG00000166068","SPRED1","pe"
"5910","283742","ENSG00000171262","FAM98B","pe"
"6010","10125","ENSG00000172575","RASGRP1","pe"
"6110","105370775","ENSG00000175779","LOC105370775","pe"
"626","105370777",NA,"LOC105370777","pe"
"631","7057","ENSG00000137801","THBS1","pe"
"641","105370941","ENSG00000261136","LOC105370941","pe"
"651","161835","ENSG00000150667","FSIP1","pe"
"661","100505534","ENSG00000246863","GPR176-DT","pe"
"671","11245","ENSG00000166073","GPR176","pe"
"681","440275","ENSG00000128829","EIF2AK4","pe"
"691","100131089","ENSG00000248508","SRP14-DT","pe"
"701","6727","ENSG00000140319","SRP14","pe"
"711","105370787",NA,"LOC105370787","pe"
"721","90427","ENSG00000104081","BMF","pe"
"731","701","ENSG00000156970","BUB1B","pe"
"741","56924","ENSG00000137843","PAK6","pe"
"751","644809","ENSG00000176753","PAK6-AS1","pe"
"761","100131244","ENSG00000230778","ANKRD63","pe"
"771","5330","ENSG00000137841","PLCB2","pe"
"781","100505573","ENSG00000259330","INAFM2","pe"
"791","388115","ENSG00000188549","CCDC9B","pe"
"801","85455","ENSG00000140323","DISP2","pe"
"811","90417","ENSG00000128944","KNSTRN","pe"
"821","3712","ENSG00000128928","IVD","pe"
"831","22893","ENSG00000140320","BAHD1","pe"
"841","113189","ENSG00000169105","CHST14","pe"
"851","90416","ENSG00000128891","CCDC32","pe"
"861","27079","ENSG00000166133","RPUSD2","pe"
"871","57082","ENSG00000137812","KNL1","pe"
"881","100505648","ENSG00000245849","RAD51-AS1","pe"
"891","5888","ENSG00000051180","RAD51","pe"
"901","55177","ENSG00000137824","RMDN3","pe"
"911","2644","ENSG00000137880","GCHFR","pe"
"921","55192","ENSG00000104129","DNAJC17","pe"
"931","643338","ENSG00000188277","C15orf62","pe"
"941","84936","ENSG00000166140","ZFYVE19","pe"
"951","102724362","ENSG00000261183","SPINT1-AS1","pe"
"961","6692","ENSG00000166145","SPINT1","pe"
"971","171177","ENSG00000104140","RHOV","pe"
"981","57617","ENSG00000104142","VPS18","pe"
"991","105370943",NA,"LOC105370943","pe"
"1001","54567","ENSG00000128917","DLL4","pe"
"1011","79094","ENSG00000128965","CHAC1","pe"
"1021","54617","ENSG00000128908","INO80","pe"
"1031","11261","ENSG00000187446","CHP1","pe"
"1041","161829","ENSG00000178997","EXD1","pe"
"1051","51203","ENSG00000137804","NUSAP1","pe"
"1061","729082","ENSG00000247556","OIP5-AS1","pe"
"1071","11339","ENSG00000104147","OIP5","pe"
"1081","51103","ENSG00000137806","NDUFAF1","pe"
"1091","23168","ENSG00000137815","RTF1","pe"
"1101","3706","ENSG00000137825","ITPKA","pe"
"1111","4058","ENSG00000062524","LTK","pe"
"1121","26015","ENSG00000103932","RPAP1","pe"
"1131","7301","ENSG00000092445","TYRO3","pe"
"1141","105370791","ENSG00000260926","LOC105370791","pe"
"1151","23269","ENSG00000174197","MGA","pe"
"1161","23005","ENSG00000137802","MAPKBP1","pe"
"1171","100137047","ENSG00000243789","JMJD7","pe"
"1181","8681","ENSG00000168970","JMJD7-PLA2G4B","pe"
"1191","101928388","ENSG00000246740","PLA2G4E-AS1","pe"
"1201","30844","ENSG00000103966","EHD4","pe"
"1211","105370795",NA,"VPS39-DT","pe"
"1221","23339","ENSG00000166887","VPS39","pe"
"1231","2595","ENSG00000214013","GANC","pe"
"1241","25963","ENSG00000103978","TMEM87A","pe"
"1251","64397","ENSG00000103994","ZNF106","pe"
"1261","8773","ENSG00000092531","SNAP23","pe"
"1271","255252","ENSG00000180979","LRRC57","pe"
"1281","55142","ENSG00000137814","HAUS2","pe"
"1291","57519","ENSG00000159433","STARD9","pe"
"1301","146059","ENSG00000140326","CDAN1","pe"
"1311","146057","ENSG00000128881","TTBK2","pe"
"1321","197131","ENSG00000159459","UBR1","pe"
"1331","80021","ENSG00000137842","TMEM62","pe"
"1341","124903478",NA,"LOC124903478","pe"
"1351","23582","ENSG00000166946","CCNDBP1","pe"
"1361","161823","ENSG00000168803","ADAL","pe"
"1371","9836","ENSG00000168806","LCMT2","pe"
"1381","146050","ENSG00000140265","ZSCAN29","pe"
"1391","27229","ENSG00000137822","TUBGCP4","pe"
"1401","7158","ENSG00000067369","TP53BP1","pe"
"1411","4130","ENSG00000166963","MAP1A","pe"
"1421","2923","ENSG00000167004","PDIA3","pe"
"1431","440278","ENSG00000291053","CATSPER2P1","pe"
"1441","10169","ENSG00000140264","SERF2","pe"
"1451","80237","ENSG00000128886","ELL3","pe"
"1461","100302254","ENSG00000221792","MIR1282","pe"
"1471","100529067",NA,"SERF2-C15ORF63","pe"
"1481","25764","ENSG00000242028","HYPK","pe"
"1491","619189","ENSG00000184716","SERINC4","pe"
"1501","4236","ENSG00000140259","MFAP1","pe"
"1511","79968","ENSG00000092470","WDR76","pe"
"1521","84978","ENSG00000171877","FRMD5","pe"
"1531","113201","ENSG00000166734","GOLM2","pe"
"1541","51496","ENSG00000137770","CTDSPL2","pe"
"1551","645212","ENSG00000179523","EIF3J-DT","pe"
"1561","8669","ENSG00000104131","EIF3J","pe"
"1571","197135","ENSG00000229474","PATL2","pe"
"1591","80208","ENSG00000104133","SPG11","pe"
"1601","6652","ENSG00000140263","SORD","pe"
"1611","405753","ENSG00000140274","DUOXA2","pe"
"1621","50506","ENSG00000140279","DUOX2","pe"
"1631","53905","ENSG00000137857","DUOX1","pe"
"1641","90527","ENSG00000140254","DUOXA1","pe"
"1651","90525","ENSG00000138606","SHF","pe"
"1661","101928414","ENSG00000259520","SLC28A2-AS1","pe"
"1671","2628","ENSG00000171766","GATM","pe"
"1681","79029","ENSG00000171763","AFG2B","pe"
"1691","100126311","ENSG00000284386","MIR147B","pe"
"1701","84419","ENSG00000166920","C15orf48","pe"
"1711","105376714",NA,"SLC30A4-AS1","pe"
"1721","7782","ENSG00000104154","SLC30A4","pe"
"1731","26258","ENSG00000104164","BLOC1S6","pe"
"1741","58472","ENSG00000137767","SQOR","pe"
"1751","80031","ENSG00000137872","SEMA6D","pe"
"1761","399697","ENSG00000233932","CTXN2","pe"
"1771","50804","ENSG00000104177","MYEF2","pe"
"1781","6557","ENSG00000074803","SLC12A1","pe"
"1791","107984755",NA,NA,"pe"
"1801","1854","ENSG00000128951","DUT","pe"
"1811","105370809","ENSG00000259705","FBN1-DT","pe"
"1821","2200","ENSG00000166147","FBN1","pe"
"1831","124903487",NA,"LOC124903487","pe"
"1841","22995","ENSG00000103995","CEP152","pe"
"1851","23741","ENSG00000255302","EID1","pe"
"1861","399694","ENSG00000185634","SHC4","pe"
"1871","9728","ENSG00000138593","SECISBP2L","pe"
"1881","100306975",NA,"NDUFAF4P1","pe"
"1891","2585","ENSG00000156958","GALK2","pe"
"1901","9318","ENSG00000166200","COPS2","pe"
"1911","100616332","ENSG00000264210","MIR4716","pe"
"1921","196951","ENSG00000166262","FAM227B","pe"
"1931","56986","ENSG00000104047","DTWD1","pe"
"1941","79895","ENSG00000104043","ATP8B4","pe"
"1951","11001","ENSG00000140284","SLC27A2","pe"
"1961","100129387",NA,"GABPB1-AS1","pe"
"1971","100616396","ENSG00000284284","MIR4712","pe"
"1981","2553","ENSG00000104064","GABPB1","pe"
"1991","55056","ENSG00000285410","GABPB1-IT1","pe"
"2001","9101","ENSG00000138592","USP8","pe"
"2011","128092252","ENSG00000288645","LOC128092252","pe"
"2021","54822","ENSG00000092439","TRPM7","pe"
"2031","84888","ENSG00000138600","SPPL2A","pe"
"2041","124903490",NA,"LOC124903490","pe"
"2051","23431","ENSG00000081014","AP4E1","pe"
"2061","388121","ENSG00000183578","TNFAIP8L3","pe"
"2071","1588","ENSG00000137869","CYP19A1","pe"
"2081","342035","ENSG00000186417","GLDN","pe"
"2091","23312","ENSG00000104093","DMXL2","pe"
"2101","29106","ENSG00000104112","SCG3","pe"
"2111","256586","ENSG00000140280","LYSMD2","pe"
"2121","29767","ENSG00000128872","TMOD2","pe"
"2131","29766","ENSG00000138594","TMOD3","pe"
"2141","123169","ENSG00000166477","LEO1","pe"
"2151","5597","ENSG00000069956","MAPK6","pe"
"2161","112543478","ENSG00000259438","MAPK6-DT","pe"
"2171","112268150",NA,"LOC112268150","pe"
"2181","100129973",NA,"CERNA1","pe"
"2191","10681","ENSG00000069966","GNB5","pe"
"2201","55930","ENSG00000128833","MYO5C","pe"
"2211","4644","ENSG00000197535","MYO5A","pe"
"2221","10776","ENSG00000128989","ARPP19","pe"
"2231","56204","ENSG00000047346","ATOSA","pe"
"2241","105370821",NA,"LOC105370821","pe"
"2251","101928499","ENSG00000259203","LOC101928499","pe"
"2261","3175","ENSG00000169856","ONECUT1","pe"
"2271","51187","ENSG00000137876","RSL24D1","pe"
"2281","5873","ENSG00000069974","RAB27A","pe"
"2291","101928527","ENSG00000225973","PIGBOS1","pe"
"2301","9488","ENSG00000069943","PIGB","pe"
"2311","145788","ENSG00000261652","PIERCE2","pe"
"2321","9236","ENSG00000260916","CCPG1","pe"
"2331","100533483","ENSG00000261771","DNAAF4-CCPG1","pe"
"2341","161582","ENSG00000256061","DNAAF4","pe"
"2351","124903497",NA,"LOC124903497","pe"
"2361","26108","ENSG00000171016","PYGO1","pe"
"2371","283659","ENSG00000166450","PRTG","pe"
"2381","4734","ENSG00000069869","NEDD4","pe"
"2391","374618","ENSG00000151575","TEX9","pe"
"2401","64864","ENSG00000181827","RFX7","pe"
"2411","55329","ENSG00000138587","MNS1","pe"
"2421","54816","ENSG00000137871","ZNF280D","pe"
"2431","105370833","ENSG00000276524","LINC03065","pe"
"2441","145783","ENSG00000285331","TCF12-DT","pe"
"2451","6938","ENSG00000140262","TCF12","pe"
"2461","283663","ENSG00000247982","LINC00926","pe"
"2471","84952","ENSG00000128849","CGNL1","pe"
"2481","100820829","ENSG00000263155","MYZAP","pe"
"2491","145781","ENSG00000137878","GCOM1","pe"
"2501","105370834",NA,"LOC105370834","pe"
"2511","81488","ENSG00000255529","POLR2M","pe"
"2521","283665",NA,"ALDH1A2-AS1","pe"
"2531","8854","ENSG00000128918","ALDH1A2","pe"
"2541","102","ENSG00000137845","ADAM10","pe"
"2551","101928725","ENSG00000245975","MINDY2-DT","pe"
"2561","54629","ENSG00000128923","MINDY2","pe"
"2571","79811","ENSG00000137776","SLTM","pe"
"2581","54778","ENSG00000157450","RNF111","pe"
"2591","9133","ENSG00000157456","CCNB2","pe"
"2601","145773","ENSG00000157470","FAM81A","pe"
"2611","4643","ENSG00000157483","MYO1E","pe"
"2621","2958","ENSG00000140307","GTF2A2","pe"
"2631","663","ENSG00000140299","BNIP2","pe"
"2641","27023","ENSG00000171956","FOXB1","pe"
"2651","302","ENSG00000182718","ANXA2","pe"
"2661","101928784","ENSG00000245534","RORA-AS1","pe"
"2671","79664","ENSG00000128915","ICE2","pe"
"2681","6095","ENSG00000069667","RORA","pe"
"2691","107984805",NA,"LOC107984805","pe"
"2701","124903501",NA,"LOC124903501","pe"
"2711","101928907",NA,"VPS13C-DT","pe"
"2721","54832","ENSG00000129003","VPS13C","pe"
"2731","145741","ENSG00000198535","C2CD4A","pe"
"2741","388125","ENSG00000205502","C2CD4B","pe"
"2751","255180",NA,"GOLGA2P11","pe"
"2761","83660","ENSG00000171914","TLN2","pe"
"2771","105370854",NA,"LOC105370854","pe"
"2781","111064646",NA,"TPM1-AS","pe"
"2791","7168","ENSG00000140416","TPM1","pe"
"2801","114294","ENSG00000103642","LACTB","pe"
"2811","51065","ENSG00000185088","RPS27L","pe"
"2821","51762","ENSG00000166128","RAB8B","pe"
"2831","83464","ENSG00000138613","APH1B","pe"
"2841","771","ENSG00000074410","CA12","pe"
"2851","9960","ENSG00000140455","USP3","pe"
"2861","100130855","ENSG00000259248","USP3-AS1","pe"
"2871","283807","ENSG00000197361","FBXL22","pe"
"2881","8925","ENSG00000103657","HERC1","pe"
"2891","23604","ENSG00000035664","DAPK2","pe"
"2901","6642","ENSG00000028528","SNX1","pe"
"2911","84191","ENSG00000166797","CIAO2A","pe"
"2921","5479","ENSG00000166794","PPIB","pe"
"2931","79856","ENSG00000157734","SNX22","pe"
"2941","53944","ENSG00000169118","CSNK1G1","pe"
"2951","9325","ENSG00000103671","TRIP4","pe"
"2961","9768","ENSG00000166803","PCLAF","pe"
"2971","23060","ENSG00000180357","ZNF609","pe"
"2981","124903507",NA,"LOC124903507","pe"
"2991","4947","ENSG00000180304","OAZ2","pe"
"3001","348093","ENSG00000166831","RBPMS2","pe"
"3011","80119","ENSG00000140451","PIF1","pe"
"3021","80301","ENSG00000241839","PLEKHO2","pe"
"3031","348094","ENSG00000166839","ANKDD1A","pe"
"3041","51324","ENSG00000090487","SPG21","pe"
"3051","123263","ENSG00000103707","MTFMT","pe"
"3061","123264","ENSG00000186198","SLC51B","pe"
"3071","51285","ENSG00000103710","RASL12","pe"
"3081","10081","ENSG00000090470","PDCD7","pe"
"3091","10845","ENSG00000166855","CLPX","pe"
"3101","109617003","ENSG00000206903","SNORA24B","pe"
"3111","54956","ENSG00000138617","PARP16","pe"
"3121","26831","ENSG00000199568","RNU5A-1","pe"
"3131","26832","ENSG00000200156","RNU5B-1","pe"
"3141","9543","ENSG00000174498","IGDCC3","pe"
"3151","57722","ENSG00000103742","IGDCC4","pe"
"3161","54878","ENSG00000074603","DPP8","pe"
"3171","51495","ENSG00000074696","HACD3","pe"
"3181","81556","ENSG00000138614","INTS14","pe"
"3191","9187","ENSG00000074621","SLC24A1","pe"
"3201","10260","ENSG00000174485","DENND4A","pe"
"3211","105370866",NA,"LOC105370866","pe"
"3221","8766","ENSG00000103769","RAB11A","pe"
"3231","115752","ENSG00000166938","DIS3L","pe"
"3241","54962","ENSG00000075131","TIPIN","pe"
"3251","5604","ENSG00000169032","MAP2K1","pe"
"3261","100616149","ENSG00000266589","MIR4512","pe"
"3271","10302","ENSG00000174446","SNAPC5","pe"
"3281","55055","ENSG00000174442","ZWILCH","pe"
"3291","595097","ENSG00000199673","SNORD16","pe"
"3301","595098","ENSG00000200623","SNORD18A","pe"
"3311","595099","ENSG00000202529","SNORD18B","pe"
"3321","595100","ENSG00000199574","SNORD18C","pe"
"3331","6124","ENSG00000174444","RPL4","pe"
"3341","102723165","ENSG00000259471","LINC01169","pe"
"3351","197021","ENSG00000188501","LCTL","pe"
"3361","4091","ENSG00000137834","SMAD6","pe"
"3371","102723493",NA,"SMAD3-DT","pe"
"3381","4088","ENSG00000166949","SMAD3","pe"
"3391","79719","ENSG00000103591","AAGAB","pe"
"3401","64799","ENSG00000103599","IQCH","pe"
"3411","100506686","ENSG00000259673","IQCH-AS1","pe"
"3421","145853","ENSG00000189227","C15orf61","pe"
"3431","5607","ENSG00000137764","MAP2K5","pe"
"3441","101929076","ENSG00000245719","SKOR1-AS1","pe"
"3451","26827","ENSG00000206625","RNU6-1","pe"
"3461","390598","ENSG00000188779","SKOR1","pe"
"3471","8554","ENSG00000033800","PIAS1","pe"
"3481","54982","ENSG00000128973","CLN6","pe"
"3491","91860","ENSG00000129007","CALML4","pe"
"3501","10116","ENSG00000169018","FEM1B","pe"
"3511","22801","ENSG00000137809","ITGA11","pe"
"3521","10391","ENSG00000103647","CORO2B","pe"
"3531","8125","ENSG00000140350","ANP32A","pe"
"3541","246777","ENSG00000258484","SPESP1","pe"
"3551","124903516",NA,"LOC124903516","pe"
"3561","283673","ENSG00000212766","EWSAT1","pe"
"3571","26035","ENSG00000138604","GLCE","pe"
"3581","102723548","ENSG00000261634","PAQR5-DT","pe"
"3591","54852","ENSG00000137819","PAQR5","pe"
"3601","145694","ENSG00000259426","KIF23-AS1","pe"
"3611","9493","ENSG00000137807","KIF23","pe"
"3621","124903594","ENSG00000207119","LOC124903594","pe"
"3631","6176","ENSG00000137818","RPLP1","pe"
"3641","145837","ENSG00000245750","DRAIC","pe"
"3651","104472713","ENSG00000245750","PCAT29","pe"
"3661","693214","ENSG00000207965","MIR629","pe"
"3671","7090","ENSG00000140332","TLE3","pe"
"3681","55075","ENSG00000137831","UACA","pe"
"3691","54839","ENSG00000137821","LRRC49","pe"
"3701","55323","ENSG00000166173","LARP6","pe"
"3711","56906","ENSG00000129028","THAP10","pe"
"3721","196993","ENSG00000225362","CT62","pe"
"3731","79875","ENSG00000187720","THSD4","pe"
"3741","123228","ENSG00000166192","SENP8","pe"
"3751","4649","ENSG00000066933","MYO9A","pe"
"3761","196996","ENSG00000175318","GRAMD2A","pe"
"3771","5315","ENSG00000067225","PKM","pe"
"3781","56965","ENSG00000137817","PARP6","pe"
"3791","60677","ENSG00000140488","CELF6","pe"
"3801","3073","ENSG00000213614","HEXA","pe"
"3811","80072","ENSG00000260339","HEXA-AS1","pe"
"3821","105370888","ENSG00000261423","TMEM202-AS1","pe"
"3831","25820","ENSG00000166233","ARIH1","pe"
"3841","102723640","ENSG00000259783","LINC02259","pe"
"3851","112268145",NA,"LOC112268145","pe"
"3861","123346","ENSG00000175202","HIGD2B","pe"
"3871","585","ENSG00000140463","BBS4","pe"
"3881","100287559","ENSG00000260898","ADPGK-AS1","pe"
"3891","83440","ENSG00000159322","ADPGK","pe"
"3901","4756","ENSG00000067141","NEO1","pe"
"3911","10021","ENSG00000138622","HCN4","pe"
"3921","27020","ENSG00000156642","NPTN","pe"
"3931","80381","ENSG00000103855","CD276","pe"
"3941","101929221",NA,"INSYN1-AS1","pe"
"3951","388135","ENSG00000205363","INSYN1","pe"
"3961","100287616","ENSG00000261801","LOXL1-AS1","pe"
"3971","4016","ENSG00000129038","LOXL1","pe"
"3981","5371","ENSG00000140464","PML","pe"
"3991","9399","ENSG00000067221","STOML1","pe"
"4001","342096","ENSG00000159289","GOLGA6A","pe"
"4011","57611","ENSG00000167178","ISLR2","pe"
"4021","732265",NA,"COMMD4P2","pe"
"4031","283731","ENSG00000248540","LOC283731","pe"
"4041","124903525","ENSG00000277749","LOC124903525","pe"
"4061","124903524",NA,"LOC124903524","pe"
"4071","10620","ENSG00000179361","ARID3B","pe"
"4081","102723750",NA,"LOC102723750","pe"
"4091","1198","ENSG00000179335","CLK3","pe"
"4101","80153","ENSG00000179151","EDC3","pe"
"4111","1543","ENSG00000140465","CYP1A1","pe"
"4121","100616183","ENSG00000264386","MIR4513","pe"
"4131","1445","ENSG00000103653","CSK","pe"
"4141","594855","ENSG00000213578","CPLX3","pe"
"4151","79748","ENSG00000140506","LMAN1L","pe"
"4161","102465531","ENSG00000275411","MIR6882","pe"
"4171","25989","ENSG00000140474","ULK3","pe"
"4181","10066","ENSG00000140497","SCAMP2","pe"
"4191","4351","ENSG00000178802","MPI","pe"
"4201","57184","ENSG00000178761","FAM219B","pe"
"4211","9377","ENSG00000178741","COX5A","pe"
"4221","192683","ENSG00000198794","SCAMP5","pe"
"4231","54913","ENSG00000178718","RPP25","pe"
"4241","60490","ENSG00000138621","PPCDC","pe"
"4251","56905","ENSG00000167173","C15orf39","pe"
"4261","54939","ENSG00000140365","COMMD4","pe"
"4271","4123","ENSG00000140400","MAN2C1","pe"
"4281","693216","ENSG00000284343","MIR631","pe"
"4291","79661","ENSG00000140398","NEIL1","pe"
"4301","25942","ENSG00000169375","SIN3A","pe"
"4311","5780","ENSG00000169410","PTPN9","pe"
"4321","10073","ENSG00000169371","SNUPN","pe"
"4331","55272","ENSG00000177971","IMP3","pe"
"4341","257364","ENSG00000173548","SNX33","pe"
"4351","1464","ENSG00000173546","CSPG4","pe"
"4361","100128285",NA,"DNM1P35","pe"
"4371","101929408","ENSG00000260288","LOC101929408","pe"
"4381","92912","ENSG00000140367","UBE2Q2","pe"
"4391","26263","ENSG00000167196","FBXO22","pe"
"4401","123591","ENSG00000169758","TMEM266","pe"
"4411","145957","ENSG00000169752","NRG4","pe"
"4421","101929439","ENSG00000259422","LOC101929439","pe"
"4431","2108","ENSG00000140374","ETFA","pe"
"4441","64843","ENSG00000159556","ISL2","pe"
"4451","49855","ENSG00000140386","SCAPER","pe"
"4461","5955","ENSG00000117906","RCN2","pe"
"4471","10099","ENSG00000140391","TSPAN3","pe"
"4481","10363","ENSG00000140382","HMG20A","pe"
"4491","79834","ENSG00000173517","PEAK1","pe"
"4501","84894","ENSG00000169783","LINGO1","pe"
"4511","440292",NA,"COMMD4P1","pe"
"4521","23102","ENSG00000167202","TBC1D2B","pe"
"4531","646892","ENSG00000183476","SH2D7","pe"
"4541","10518","ENSG00000136425","CIB2","pe"
"4551","3419","ENSG00000166411","IDH3A","pe"
"4561","80349","ENSG00000140395","SKIC8","pe"
"4571","1381","ENSG00000166426","CRABP1","pe"
"4581","3658","ENSG00000136381","IREB2","pe"
"4591","123688","ENSG00000188266","HYKK","pe"
"4601","5685","ENSG00000041357","PSMA4","pe"
"4611","1138","ENSG00000169684","CHRNA5","pe"
"4621","1136","ENSG00000080644","CHRNA3","pe"
"4631","1143","ENSG00000117971","CHRNB4","pe"
"4641","11173","ENSG00000136378","ADAMTS7","pe"
"4651","646938","ENSG00000290424","LOC646938","pe"
"4661","10933","ENSG00000185787","MORF4L1","pe"
"4671","1512","ENSG00000103811","CTSH","pe"
"4681","5923","ENSG00000058335","RASGRF1","pe"
"4691","23423","ENSG00000166557","TMED3","pe"
"4701","23251","ENSG00000169330","MINAR1","pe"
"4711","10588","ENSG00000136371","MTHFS","pe"
"4721","100528021","ENSG00000259332","ST20-MTHFS","pe"
"4731","283687",NA,"ST20-AS1","pe"
"4741","400410","ENSG00000180953","ST20","pe"
"4751","54469","ENSG00000086666","ZFAND6","pe"
"4761","2184","ENSG00000103876","FAH","pe"
"4771","100996492","ENSG00000259417","CTXND1","pe"
"4781","101929560","ENSG00000259495","ARNT2-DT","pe"
"4791","9915","ENSG00000172379","ARNT2","pe"
"4801","58489","ENSG00000136379","ABHD17C","pe"
"4811","57214","ENSG00000103888","CEMIP","pe"
"4821","693132","ENSG00000208003","MIR549A","pe"
"4831","23184","ENSG00000117899","MESD","pe"
"4841","100616181","ENSG00000265855","MIR4514","pe"
"4851","128071545","ENSG00000288625","LOC128071545","pe"
"4861","161502","ENSG00000156206","CFAP161","pe"
"4871","59274","ENSG00000140406","TLNRD1","pe"
"4881","101929655",NA,"TMC3-AS1","pe"
"4891","80765","ENSG00000172345","STARD5","pe"
"4901","84206","ENSG00000183496","MEX3B","pe"
"4911","283726","ENSG00000188659","SAXO2","pe"
"4921","79631","ENSG00000140598","EFL1","pe"
"4931","283692","ENSG00000259462","CPEB1-AS1","pe"
"4941","338963","ENSG00000293439","LOC338963","pe"
"4951","8120","ENSG00000103723","AP3B2","pe"
"4961","100505616","ENSG00000250988","SNHG21","pe"
"4971","677778","ENSG00000277864","SCARNA15","pe"
"4981","123720","ENSG00000156232","WHAMM","pe"
"4991","123722","ENSG00000186628","FSD2","pe"
"5001","9455","ENSG00000103942","HOMER2","pe"
"5011","83640","ENSG00000169612","RAMAC","pe"
"5021","123207","ENSG00000169609","C15orf40","pe"
"5031","124903542",NA,"LOC124903542","pe"
"5041","100616404","ENSG00000263643","MIR4515","pe"
"5051","53339","ENSG00000064726","BTBD1","pe"
"5061","53346","ENSG00000136404","TM6SF1","pe"
"5071","50810","ENSG00000166503","HDGFL3","pe"
"5081","440299",NA,"DNM1P41","pe"
"5091","103171574","ENSG00000259774","LOC103171574","pe"
"5101","23478","ENSG00000140612","SEC11A","pe"
"5111","9640","ENSG00000166716","ZNF592","pe"
"5121","5151","ENSG00000073417","PDE8A","pe"
"5131","101929479",NA,"LOC101929479","pe"
"5141","727751",NA,"LOC727751","pe"
"5151","102465803","ENSG00000284160","MIR7706","pe"
"5161","11214","ENSG00000170776","AKAP13","pe"
"5171","100302121","ENSG00000221634","MIR1276","pe"
"5181","101929679",NA,"LINC02883","pe"
"5191","64410","ENSG00000183655","KLHL25","pe"
"5201","283738","ENSG00000260305","NTRK3-AS1","pe"
"5211","4916","ENSG00000140538","NTRK3","pe"
"5221","26589","ENSG00000259494","MRPL46","pe"
"5231","64963","ENSG00000181991","MRPS11","pe"
"5241","55070","ENSG00000140543","DET1","pe"
"5251","100302235","ENSG00000221630","MIR1179","pe"
"5261","100616238","ENSG00000283484","MIR3529","pe"
"5271","101929743","ENSG00000249487","LINC01586","pe"
"5281","407044","ENSG00000207703","MIR7-2","pe"
"5291","64782","ENSG00000181026","AEN","pe"
"5301","3669","ENSG00000172183","ISG20","pe"
"5311","145864","ENSG00000140511","HAPLN3","pe"
"5321","4240","ENSG00000140545","MFGE8","pe"
"5331","11057","ENSG00000140526","ABHD2","pe"
"5341","124903573",NA,"LOC124903573","pe"
"5351","6017","ENSG00000140522","RLBP1","pe"
"5361","55215","ENSG00000140525","FANCI","pe"
"5371","102466983","ENSG00000275101","MIR6766","pe"
"5381","125316803","ENSG00000291307","POLGARF","pe"
"5391","5428","ENSG00000140521","POLG","pe"
"5401","254559","ENSG00000255571","MIR9-3HG","pe"
"5411","407051","ENSG00000284329","MIR9-3","pe"
"5421","51458","ENSG00000140519","RHCG","pe"
"5431","90381","ENSG00000140534","TICRR","pe"
"5441","374654","ENSG00000166813","KIF7","pe"
"5451","5346","ENSG00000166819","PLIN1","pe"
"5461","56964","ENSG00000140527","WDR93","pe"
"5471","8800","ENSG00000166821","PEX11A","pe"
"5481","55897","ENSG00000166823","MESP1","pe"
"5491","290","ENSG00000166825","ANPEP","pe"
"5501","10239","ENSG00000157823","AP3S2","pe"
"5511","100526783","ENSG00000250021","ARPIN-AP3S2","pe"
"5521","348110","ENSG00000242498","ARPIN","pe"
"5531","100422841","ENSG00000265871","MIR3174","pe"
"5541","374655","ENSG00000140548","ZNF710","pe"
"5551","105370966",NA,"IDH2-DT","pe"
"5561","3418","ENSG00000182054","IDH2","pe"
"5571","10509","ENSG00000185033","SEMA4B","pe"
"5581","10519","ENSG00000185043","CIB1","pe"
"5591","390637","ENSG00000183208","GDPGP1","pe"
"5601","440307","ENSG00000213471","TTLL13","pe"
"5611","124903553",NA,"PERPP2","pe"
"5621","51335","ENSG00000182768","NGRN","pe"
"5631","342132","ENSG00000196391","ZNF774","pe"
"5641","8826","ENSG00000140575","IQGAP1","pe"
"5651","124903554",NA,"LOC124903554","pe"
"5661","64784","ENSG00000140577","CRTC3","pe"
"5671","101926895","ENSG00000259736","CRTC3-AS1","pe"
"5681","641","ENSG00000197299","BLM","pe"
"5691","105370969","ENSG00000259704","LOC105370969","pe"
"5701","2242","ENSG00000182511","FES","pe"
"5711","5045","ENSG00000140564","FURIN","pe"
"5721","4122","ENSG00000196547","MAN2A2","pe"
"5731","374659","ENSG00000184508","HDDC3","pe"
"5741","55898","ENSG00000140553","UNC45A","pe"
"5751","116435297",NA,"RCCD1-AS1","pe"
"5761","91433","ENSG00000166965","RCCD1","pe"
"5771","9055","ENSG00000198901","PRC1","pe"
"5781","101926911","ENSG00000214432","VPS33B-DT","pe"
"5791","26276","ENSG00000184056","VPS33B","pe"
"5801","9899","ENSG00000185518","SV2B","pe"
"5811","28232","ENSG00000176463","SLCO3A1","pe"
"5821","8128","ENSG00000140557","ST8SIA2","pe"
"5831","124903558",NA,"LOC124903558","pe"
"5841","400451","ENSG00000185442","FAM174B","pe"
"5851","100507217",NA,"CHASERR","pe"
"5861","100422995","ENSG00000284324","MIR3175","pe"
"5871","1106","ENSG00000173575","CHD2","pe"
"5881","56963","ENSG00000182175","RGMA","pe"
"5891","101927025",NA,"LOC101927025","pe"
"5901","107983974",NA,"LOC107983974","pe"
"5911","124900612",NA,"LOC124900612","pe"
"5921","105369203",NA,"LOC105369203","pe"
"5931","100302258","ENSG00000283888","MIR1469","pe"
"5941","644192","ENSG00000247809","NR2F2-AS1","pe"
"5951","7026","ENSG00000185551","NR2F2","pe"
"5961","107984764","ENSG00000259485","LINC02253","pe"
"5971","91947","ENSG00000140450","ARRDC4","pe"
"5981","105371011",NA,"LINC02351","pe"
"5991","104472848",NA,"IRAIN","pe"
"6001","3480","ENSG00000140443","IGF1R","pe"
"6011","104564224",NA,"LUNAR1","pe"
"6021","105371016",NA,"SYNM-AS1","pe"
"6031","23336","ENSG00000182253","SYNM","pe"
"6041","123355","ENSG00000168904","LRRC28","pe"
"6051","64927","ENSG00000103852","TTC23","pe"
"6061","4205","ENSG00000068305","MEF2A","pe"
"6071","145748","ENSG00000183060","LYSMD4","pe"
"6081","196968","ENSG00000290767","DNM1P46","pe"
"6091","400464",NA,"LOC400464","pe"
"6101","170691","ENSG00000140470","ADAMTS17","pe"
"6111","388182","ENSG00000189419","SPATA41","pe"
"6121","102723320",NA,"CERS3-AS1","pe"
"6131","140460","ENSG00000183475","ASB7","pe"
"6141","55180","ENSG00000140471","LINS1","pe"
"6151","220","ENSG00000184254","ALDH1A3","pe"
"6161","105371026",NA,"LOC105371026","pe"
"6171","22856","ENSG00000131873","CHSY1","pe"
"6181","55829","ENSG00000131871","SELENOS","pe"
"6191","6627","ENSG00000131876","SNRPA1","pe"
"6201","105371027","ENSG00000259764","PCSK6-AS1","pe"
"6211","5046","ENSG00000140479","PCSK6","pe"
"6221","101927505","ENSG00000286733","LINC02348","pe"
"6231","80213","ENSG00000184277","TM2D3","pe"
"6241","123283","ENSG00000185418","TARS3","pe"
